{"cameraMode":{"drawMode":0,"name":"Shaded","section":"Shading Mode"},"sceneLighting":true,"audioPlay":false,"sceneViewState":{"showFog":true,"showMaterialUpdate":false,"showSkybox":true,"showFlares":true,"showImageEffects":true,"showParticleSystems":true},"in2DMode":false,"pivot":{"x":-7.588712215423584,"y":15.073809623718262,"z":16.08350372314453},"rotation":{"x":0.0782342478632927,"y":-0.0014982052380219102,"z":0.00011767014802899212,"w":0.9969338774681091},"size":166.9346466064453,"orthographic":false}