{"cameraMode":{"drawMode":0,"name":"Shaded","section":"Shading Mode"},"sceneLighting":true,"audioPlay":false,"sceneViewState":{"showFog":true,"showMaterialUpdate":false,"showSkybox":true,"showFlares":true,"showImageEffects":true,"showParticleSystems":true},"in2DMode":false,"pivot":{"x":-3.0526645183563234,"y":-84.44259643554688,"z":131.90594482421876},"rotation":{"x":-0.30154407024383547,"y":0.0005690278485417366,"z":-0.00017994982772506773,"w":-0.9534521102905273},"size":183.4972381591797,"orthographic":false}